-2.06E-10,-5011,
-6.25E-12,-4625,
1.94E-10,-4180,1E-10
3.94E-10,-3932,
5.94E-10,-3763,
7.94E-10,-3512,
9.94E-10,-3452,
1.19E-09,-3676,
1.39E-09,-3892,
1.59E-09,-4164,
1.79E-09,-4452,
1.99E-09,-4459,
2.19E-09,-4397,
2.39E-09,-4320,
2.59E-09,-4215,
2.79E-09,-3932,
2.99E-09,-3813,
3.19E-09,-3703,
3.39E-09,-3452,
3.59E-09,-3094,
3.79E-09,-2897,
3.99E-09,-2957,
4.19E-09,-2794,
4.39E-09,-2590,
4.59E-09,-2848,
4.79E-09,-3347,
4.99E-09,-4006,
5.19E-09,-4877,
5.39E-09,-5830,
5.59E-09,-6585,
5.79E-09,-7187,
5.99E-09,-7696,
6.19E-09,-8152,
6.39E-09,-8291,
6.59E-09,-8035,
6.79E-09,-7452,
6.99E-09,-6556,
7.19E-09,-5492,
7.39E-09,-4666,
7.59E-09,-3810,
7.79E-09,-3250,
7.99E-09,-3090,
8.19E-09,-3274,
8.39E-09,-3720,
8.59E-09,-4376,
8.79E-09,-5273,
8.99E-09,-6044,
9.19E-09,-6667,
9.39E-09,-6913,
9.59E-09,-6793,
9.79E-09,-6599,
9.99E-09,-6189,
1.02E-08,-5452,
1.04E-08,-4434,
1.06E-08,-3495,
1.08E-08,-2723,
1.10E-08,-2023,
1.12E-08,-1554,
1.14E-08,-1458,
1.16E-08,-1771,
1.18E-08,-2292,
1.20E-08,-2754,
1.22E-08,-3447,
1.24E-08,-4214,
1.26E-08,-4707,
1.28E-08,-4964,
1.30E-08,-5043,
1.32E-08,-4885,
1.34E-08,-4559,
1.36E-08,-3976,
1.38E-08,-3408,
1.40E-08,-2871,
1.42E-08,-2443,
1.44E-08,-2206,
1.46E-08,-2268,
1.48E-08,-2489,
1.50E-08,-3061,
1.52E-08,-3937,
1.54E-08,-4745,
1.56E-08,-5281,
1.58E-08,-5426,
1.60E-08,-5274,
1.62E-08,-4539,
1.64E-08,-3382,
1.66E-08,-2152,
1.68E-08,-1146,
1.70E-08,-904,
1.72E-08,-1410,
1.74E-08,-2579,
1.76E-08,-4163,
1.78E-08,-5982,
1.80E-08,-7986,
1.82E-08,-9947,
1.84E-08,-11086,
1.86E-08,-11447,
1.88E-08,-11348,
1.90E-08,-10617,
1.92E-08,-9254,
1.94E-08,-7601,
1.96E-08,-6050,
1.98E-08,-4915,
2.00E-08,-4317,
2.02E-08,-4447,
2.04E-08,-5134,
2.06E-08,-6404,
2.08E-08,-8207,
2.10E-08,-10195,
2.12E-08,-11822,
2.14E-08,-12793,
2.16E-08,-12856,
2.18E-08,-11811,
2.20E-08,-10129,
2.22E-08,-7781,
2.24E-08,-5241,
2.26E-08,-2825,
2.28E-08,-792,
2.30E-08,983,
2.32E-08,1823,
2.34E-08,1681,
2.36E-08,849,
2.38E-08,-510,
2.40E-08,-1901,
2.42E-08,-3330,
2.44E-08,-4980,
2.46E-08,-6454,
2.48E-08,-7069,
2.50E-08,-6349,
2.52E-08,-4550,
2.54E-08,-2149,
2.56E-08,624,
2.58E-08,3372,
2.60E-08,5482,
2.62E-08,6506,
2.64E-08,6711,
2.66E-08,6108,
2.68E-08,4739,
2.70E-08,2832,
2.72E-08,404,
2.74E-08,-1835,
2.76E-08,-3777,
2.78E-08,-5149,
2.80E-08,-5894,
2.82E-08,-5665,
2.84E-08,-4631,
2.86E-08,-3313,
2.88E-08,-1839,
2.90E-08,-400,
2.92E-08,778,
2.94E-08,1243,
2.96E-08,733,
2.98E-08,-448,
3.00E-08,-2027,
3.02E-08,-3890,
3.04E-08,-5985,
3.06E-08,-7948,
3.08E-08,-9492,
3.10E-08,-10388,
3.12E-08,-10460,
3.14E-08,-9610,
3.16E-08,-8299,
3.18E-08,-6770,
3.20E-08,-5094,
3.22E-08,-3818,
3.24E-08,-3027,
3.26E-08,-2781,
3.28E-08,-3031,
3.30E-08,-4032,
3.32E-08,-5430,
3.34E-08,-7005,
3.36E-08,-8602,
3.38E-08,-10069,
3.40E-08,-11251,
3.42E-08,-11746,
3.44E-08,-11872,
3.46E-08,-11452,
3.48E-08,-10396,
3.50E-08,-8975,
3.52E-08,-7481,
3.54E-08,-6239,
3.56E-08,-5286,
3.58E-08,-4723,
3.60E-08,-4554,
3.62E-08,-4944,
3.64E-08,-5744,
3.66E-08,-6799,
3.68E-08,-8128,
3.70E-08,-9496,
3.72E-08,-10584,
3.74E-08,-11232,
3.76E-08,-11667,
3.78E-08,-11398,
3.80E-08,-10653,
3.82E-08,-9652,
3.84E-08,-8434,
3.86E-08,-7197,
3.88E-08,-5916,
3.90E-08,-4731,
3.92E-08,-3916,
3.94E-08,-3366,
3.96E-08,-3109,
3.98E-08,-3205,
4.00E-08,-3295,
4.02E-08,-3540,
4.04E-08,-3726,
4.06E-08,-3837,
4.08E-08,-3667,
4.10E-08,-3377,
4.12E-08,-2928,
4.14E-08,-2345,
4.16E-08,-1688,
4.18E-08,-1150,
4.20E-08,-829,
4.22E-08,-660,
4.24E-08,-417,
4.26E-08,-385,
4.28E-08,-600,
4.30E-08,-808,
4.32E-08,-1208,
4.34E-08,-1558,
4.36E-08,-1844,
4.38E-08,-1822,
4.40E-08,-1761,
4.42E-08,-1955,
4.44E-08,-2033,
4.46E-08,-1943,
4.48E-08,-1841,
4.50E-08,-1909,
4.52E-08,-2132,
4.54E-08,-2388,
4.56E-08,-2416,
4.58E-08,-2527,
4.60E-08,-2675,
4.62E-08,-2853,
4.64E-08,-3222,
4.66E-08,-3892,
4.68E-08,-4595,
4.70E-08,-5272,
4.72E-08,-5835,
4.74E-08,-6188,
4.76E-08,-6411,
4.78E-08,-6556,
4.80E-08,-6675,
4.82E-08,-6637,
4.84E-08,-6158,
4.86E-08,-5439,
4.88E-08,-4846,
4.90E-08,-4427,
4.92E-08,-3746,
4.94E-08,-3062,
4.96E-08,-2818,
4.98E-08,-3141,
5.00E-08,-3714,
5.02E-08,-4663,
5.04E-08,-5755,
5.06E-08,-6666,
5.08E-08,-7503,
5.10E-08,-8242,
5.12E-08,-8647,
5.14E-08,-8706,
5.16E-08,-8488,
5.18E-08,-7954,
5.20E-08,-7181,
5.22E-08,-6219,
5.24E-08,-5259,
5.26E-08,-4421,
5.28E-08,-3899,
5.30E-08,-3716,
5.32E-08,-3803,
5.34E-08,-4116,
5.36E-08,-4448,
5.38E-08,-4884,
5.40E-08,-5320,
5.42E-08,-5503,
5.44E-08,-5526,
5.46E-08,-5453,
5.48E-08,-5031,
5.50E-08,-4206,
5.52E-08,-3170,
5.54E-08,-2146,
5.56E-08,-1270,
5.58E-08,-348,
5.60E-08,441,
5.62E-08,969,
5.64E-08,1284,
5.66E-08,1485,
5.68E-08,1622,
5.70E-08,1672,
5.72E-08,1609,
5.74E-08,1414,
5.76E-08,584,
5.78E-08,-509,
5.80E-08,-1465,
5.82E-08,-2397,
5.84E-08,-3356,
5.86E-08,-4458,
5.88E-08,-5021,
5.90E-08,-4249,
5.92E-08,-2511,
5.94E-08,-378,
5.96E-08,1650,
5.98E-08,3121,
6.00E-08,4193,
6.02E-08,4974,
6.04E-08,5083,
6.06E-08,4306,
6.08E-08,2794,
6.10E-08,780,
6.12E-08,-1179,
6.14E-08,-2902,
6.16E-08,-4092,
6.18E-08,-4411,
6.20E-08,-4019,
6.22E-08,-2840,
6.24E-08,-930,
6.26E-08,1274,
6.28E-08,3224,
6.30E-08,4801,
6.32E-08,5766,
6.34E-08,5879,
6.36E-08,5243,
6.38E-08,4179,
6.40E-08,2838,
6.42E-08,1156,
6.44E-08,-406,
6.46E-08,-1677,
6.48E-08,-2223,
6.50E-08,-2000,
6.52E-08,-1081,
6.54E-08,605,
6.56E-08,2681,
6.58E-08,4584,
6.60E-08,5954,
6.62E-08,6609,
6.64E-08,6664,
6.66E-08,6417,
6.68E-08,6149,
6.70E-08,5911,
6.72E-08,5594,
6.74E-08,5618,
6.76E-08,5907,
6.78E-08,6031,
6.80E-08,6064,
6.82E-08,6095,
6.84E-08,5996,
6.86E-08,5483,
6.88E-08,4657,
6.90E-08,3664,
6.92E-08,2656,
6.94E-08,1679,
6.96E-08,737,
6.98E-08,-18,
7.00E-08,-554,
7.02E-08,-572,
7.04E-08,55,
7.06E-08,1039,
7.08E-08,2015,
7.10E-08,3131,
7.12E-08,4120,
7.14E-08,4500,
7.16E-08,4391,
7.18E-08,3892,
7.20E-08,3205,
7.22E-08,2101,
7.24E-08,795,
7.26E-08,-395,
7.28E-08,-1427,
7.30E-08,-2114,
7.32E-08,-2431,
7.34E-08,-2423,
7.36E-08,-1949,
7.38E-08,-1187,
7.40E-08,-348,
7.42E-08,349,
7.44E-08,812,
7.46E-08,1122,
7.48E-08,1125,
7.50E-08,829,
7.52E-08,242,
7.54E-08,-606,
7.56E-08,-1571,
7.58E-08,-2679,
7.60E-08,-3636,
7.62E-08,-4125,
7.64E-08,-4509,
7.66E-08,-4577,
7.68E-08,-4302,
7.70E-08,-4035,
7.72E-08,-3986,
7.74E-08,-3964,
7.76E-08,-3734,
7.78E-08,-3538,
7.80E-08,-3420,
7.82E-08,-3410,
7.84E-08,-3543,
7.86E-08,-3801,
7.88E-08,-4183,
7.90E-08,-4645,
7.92E-08,-4861,
7.94E-08,-4707,
7.96E-08,-4516,
7.98E-08,-4229,
8.00E-08,-4020,
8.02E-08,-3921,
8.04E-08,-3595,
8.06E-08,-3230,
8.08E-08,-3194,
8.10E-08,-3230,
8.12E-08,-3206,
8.14E-08,-3474,
8.16E-08,-3754,
8.18E-08,-3925,
8.20E-08,-4003,
8.22E-08,-3958,
8.24E-08,-3883,
8.26E-08,-3757,
8.28E-08,-3520,
8.30E-08,-3234,
8.32E-08,-2713,
8.34E-08,-2157,
8.36E-08,-1485,
8.38E-08,-1139,
8.40E-08,-1114,
8.42E-08,-1162,
8.44E-08,-1262,
8.46E-08,-1401,
8.48E-08,-1665,
8.50E-08,-2023,
8.52E-08,-2414,
8.54E-08,-2834,
8.56E-08,-3088,
8.58E-08,-3180,
8.60E-08,-3151,
8.62E-08,-3040,
8.64E-08,-2917,
8.66E-08,-2625,
8.68E-08,-2447,
8.70E-08,-2001,
8.72E-08,-1488,
8.74E-08,-1326,
8.76E-08,-1428,
8.78E-08,-1834,
8.80E-08,-2340,
8.82E-08,-2863,
8.84E-08,-3900,
8.86E-08,-5044,
8.88E-08,-6342,
8.90E-08,-7677,
8.92E-08,-8761,
8.94E-08,-9518,
8.96E-08,-9952,
8.98E-08,-10070,
9.00E-08,-9944,
9.02E-08,-9345,
9.04E-08,-8268,
9.06E-08,-7227,
9.08E-08,-6140,
9.10E-08,-5149,
9.12E-08,-4570,
9.14E-08,-4326,
9.16E-08,-4482,
9.18E-08,-5040,
9.20E-08,-5866,
9.22E-08,-6861,
9.24E-08,-7994,
9.26E-08,-8821,
9.28E-08,-9644,
9.30E-08,-9970,
9.32E-08,-9677,
9.34E-08,-9290,
9.36E-08,-8764,
9.38E-08,-7963,
9.40E-08,-7132,
9.42E-08,-6301,
9.44E-08,-5520,
9.46E-08,-5105,
9.48E-08,-5047,
9.50E-08,-5261,
9.52E-08,-5508,
9.54E-08,-5977,
9.56E-08,-6663,
9.58E-08,-7232,
9.60E-08,-7691,
9.62E-08,-8024,
9.64E-08,-7833,
9.66E-08,-7383,
9.68E-08,-6850,
9.70E-08,-6346,
9.72E-08,-5885,
9.74E-08,-5169,
9.76E-08,-4610,
9.78E-08,-4056,
9.80E-08,-3527,
9.82E-08,-3187,
9.84E-08,-2965,
9.86E-08,-2987,
9.88E-08,-2859,
9.90E-08,-2624,
9.92E-08,-2381,
9.94E-08,-2035,
9.96E-08,-1710,
9.98E-08,-1587,
1.00E-07,-1437,
1.00E-07,-972,
1.00E-07,-541,
1.01E-07,-349,
1.01E-07,-94,
1.01E-07,128,
1.01E-07,190,
1.01E-07,-74,
1.02E-07,-130,
1.02E-07,-129,
1.02E-07,-322,
1.02E-07,-578,
1.02E-07,-866,
1.03E-07,-1082,
1.03E-07,-959,
1.03E-07,-846,
1.03E-07,-956,
1.03E-07,-996,
1.04E-07,-926,
1.04E-07,-952,
1.04E-07,-1131,
1.04E-07,-1288,
1.04E-07,-1619,
1.05E-07,-1966,
1.05E-07,-1974,
1.05E-07,-2003,
1.05E-07,-2195,
1.05E-07,-2364,
1.06E-07,-2554,
1.06E-07,-2647,
1.06E-07,-2730,
1.06E-07,-2717,
1.06E-07,-2444,
1.07E-07,-2142,
1.07E-07,-2050,
1.07E-07,-1861,
1.07E-07,-1715,
1.07E-07,-1702,
1.08E-07,-1890,
1.08E-07,-2610,
1.08E-07,-3297,
1.08E-07,-3705,
1.08E-07,-3799,
1.09E-07,-3412,
1.09E-07,-2596,
1.09E-07,-1380,
1.09E-07,-110,
1.09E-07,870,
1.10E-07,1464,
1.10E-07,1382,
1.10E-07,840,
1.10E-07,-130,
1.10E-07,-1538,
1.11E-07,-3310,
1.11E-07,-5070,
1.11E-07,-6398,
1.11E-07,-7338,
1.11E-07,-7730,
1.12E-07,-7365,
1.12E-07,-6384,
1.12E-07,-5233,
1.12E-07,-3770,
1.12E-07,-2337,
1.13E-07,-1279,
1.13E-07,-806,
1.13E-07,-876,
1.13E-07,-1339,
1.13E-07,-2244,
1.14E-07,-3570,
1.14E-07,-5012,
1.14E-07,-6424,
1.14E-07,-7693,
1.14E-07,-8652,
1.15E-07,-8932,
1.15E-07,-8217,
1.15E-07,-7206,
1.15E-07,-6082,
1.15E-07,-4929,
1.16E-07,-3773,
1.16E-07,-2791,
1.16E-07,-2133,
1.16E-07,-1970,
1.16E-07,-2229,
1.17E-07,-2756,
1.17E-07,-3602,
1.17E-07,-4893,
1.17E-07,-6128,
1.17E-07,-6967,
1.18E-07,-7722,
1.18E-07,-8015,
1.18E-07,-7775,
1.18E-07,-7047,
1.18E-07,-6221,
1.19E-07,-5546,
1.19E-07,-4617,
1.19E-07,-3739,
1.19E-07,-3012,
1.19E-07,-2510,
1.20E-07,-2473,
1.20E-07,-2838,
1.20E-07,-3517,
1.20E-07,-4289,
1.20E-07,-5054,
1.21E-07,-5795,
1.21E-07,-6399,
1.21E-07,-6652,
1.21E-07,-6750,
1.21E-07,-6514,
1.22E-07,-6083,
1.22E-07,-5620,
1.22E-07,-5047,
1.22E-07,-4442,
1.22E-07,-4101,
1.23E-07,-4030,
1.23E-07,-4327,
1.23E-07,-4626,
1.23E-07,-4833,
1.23E-07,-5199,
1.24E-07,-5580,
1.24E-07,-5999,
1.24E-07,-6159,
1.24E-07,-6338,
1.24E-07,-6333,
1.25E-07,-6074,
1.25E-07,-5812,
1.25E-07,-5459,
1.25E-07,-5167,
1.25E-07,-5086,
1.26E-07,-5054,
1.26E-07,-5037,
1.26E-07,-5129,
1.26E-07,-5384,
1.26E-07,-5837,
1.27E-07,-6297,
1.27E-07,-6513,
1.27E-07,-6608,
1.27E-07,-6566,
1.27E-07,-6161,
1.28E-07,-5948,
1.28E-07,-5884,
1.28E-07,-5593,
1.28E-07,-5327,
1.28E-07,-5066,
1.29E-07,-4906,
1.29E-07,-4872,
1.29E-07,-4726,
1.29E-07,-4798,
1.29E-07,-4818,
1.30E-07,-4977,
1.30E-07,-5515,
1.30E-07,-6362,
1.30E-07,-7185,
1.30E-07,-8066,
1.31E-07,-9078,
1.31E-07,-9916,
1.31E-07,-10392,
1.31E-07,-10575,
1.31E-07,-10572,
1.32E-07,-10322,
1.32E-07,-9650,
1.32E-07,-8732,
1.32E-07,-7629,
1.32E-07,-6669,
1.33E-07,-5781,
1.33E-07,-5202,
1.33E-07,-5068,
1.33E-07,-5096,
1.33E-07,-5486,
1.34E-07,-6346,
1.34E-07,-7286,
1.34E-07,-8170,
1.34E-07,-8748,
1.34E-07,-9191,
1.35E-07,-9235,
1.35E-07,-9161,
1.35E-07,-8753,
1.35E-07,-7885,
1.35E-07,-6972,
1.36E-07,-5925,
1.36E-07,-4889,
1.36E-07,-4042,
1.36E-07,-3459,
1.36E-07,-3198,
1.37E-07,-3216,
1.37E-07,-3493,
1.37E-07,-3885,
1.37E-07,-4423,
1.37E-07,-5112,
1.38E-07,-5647,
1.38E-07,-5872,
1.38E-07,-5886,
1.38E-07,-5670,
1.38E-07,-5170,
1.39E-07,-4570,
1.39E-07,-3854,
1.39E-07,-3009,
1.39E-07,-2253,
1.39E-07,-1824,
1.40E-07,-1384,
1.40E-07,-1034,
1.40E-07,-812,
1.40E-07,-763,
1.40E-07,-863,
1.41E-07,-939,
1.41E-07,-1092,
1.41E-07,-1070,
1.41E-07,-885,
1.41E-07,-713,
1.42E-07,-493,
1.42E-07,-174,
1.42E-07,189,
1.42E-07,568,
1.42E-07,895,
1.43E-07,1161,
1.43E-07,1268,
1.43E-07,1227,
1.43E-07,1240,
1.43E-07,1418,
1.44E-07,1514,
1.44E-07,1541,
1.44E-07,1500,
1.44E-07,1354,
1.44E-07,1184,
1.45E-07,1189,
1.45E-07,1190,
1.45E-07,1073,
1.45E-07,853,
1.45E-07,842,
1.46E-07,866,
1.46E-07,758,
1.46E-07,517,
1.46E-07,313,
1.46E-07,136,
1.47E-07,-32,
1.47E-07,-102,
1.47E-07,-196,
1.47E-07,-203,
1.47E-07,-153,
1.48E-07,-80,
1.48E-07,137,
1.48E-07,396,
1.48E-07,537,
1.48E-07,519,
1.49E-07,550,
1.49E-07,595,
1.49E-07,617,
1.49E-07,433,
1.49E-07,-73,
1.50E-07,-701,
1.50E-07,-1238,
1.50E-07,-1362,
1.50E-07,-976,
1.50E-07,23,
1.51E-07,1341,
1.51E-07,2718,
1.51E-07,4097,
1.51E-07,4973,
1.51E-07,5130,
1.52E-07,4841,
1.52E-07,4126,
1.52E-07,3093,
1.52E-07,1623,
1.52E-07,71,
1.53E-07,-1232,
1.53E-07,-2289,
1.53E-07,-2918,
1.53E-07,-2892,
1.53E-07,-2322,
1.54E-07,-1333,
1.54E-07,33,
1.54E-07,1286,
1.54E-07,2453,
1.54E-07,3252,
1.55E-07,3448,
1.55E-07,3165,
1.55E-07,2394,
1.55E-07,1383,
1.55E-07,188,
1.56E-07,-1353,
1.56E-07,-2654,
1.56E-07,-3457,
1.56E-07,-3887,
1.56E-07,-3886,
1.57E-07,-3192,
1.57E-07,-2077,
1.57E-07,-955,
1.57E-07,-20,
1.57E-07,800,
1.58E-07,1562,
1.58E-07,1981,
1.58E-07,1859,
1.58E-07,1203,
1.58E-07,260,
1.59E-07,-818,
1.59E-07,-2056,
1.59E-07,-3156,
1.59E-07,-3903,
1.59E-07,-4380,
1.60E-07,-4185,
1.60E-07,-3731,
1.60E-07,-3009,
1.60E-07,-2110,
1.60E-07,-1289,
1.61E-07,-595,
1.61E-07,21,
1.61E-07,371,
1.61E-07,360,
1.61E-07,-74,
1.62E-07,-936,
1.62E-07,-1554,
1.62E-07,-2384,
1.62E-07,-3182,
1.62E-07,-3664,
1.63E-07,-4068,
1.63E-07,-4233,
1.63E-07,-4049,
1.63E-07,-3802,
1.63E-07,-3435,
1.64E-07,-3031,
1.64E-07,-2591,
1.64E-07,-2057,
1.64E-07,-1675,
1.64E-07,-1558,
1.65E-07,-1617,
1.65E-07,-1917,
1.65E-07,-2432,
1.65E-07,-2911,
1.65E-07,-3405,
1.66E-07,-3730,
1.66E-07,-3848,
1.66E-07,-3862,
1.66E-07,-3605,
1.66E-07,-3315,
1.67E-07,-2910,
1.67E-07,-2485,
1.67E-07,-2275,
1.67E-07,-2192,
1.67E-07,-2177,
1.68E-07,-2249,
1.68E-07,-2347,
1.68E-07,-2358,
1.68E-07,-2654,
1.68E-07,-2961,
1.69E-07,-3111,
1.69E-07,-3292,
1.69E-07,-3309,
1.69E-07,-3171,
1.69E-07,-2969,
1.70E-07,-2749,
1.70E-07,-2651,
1.70E-07,-2589,
1.70E-07,-2419,
1.70E-07,-2223,
1.71E-07,-2080,
1.71E-07,-2030,
1.71E-07,-2028,
1.71E-07,-2197,
1.71E-07,-2607,
1.72E-07,-3038,
1.72E-07,-3810,
1.72E-07,-4789,
1.72E-07,-5858,
1.72E-07,-6858,
1.73E-07,-7483,
1.73E-07,-7811,
1.73E-07,-7851,
1.73E-07,-7703,
1.73E-07,-7346,
1.74E-07,-6559,
1.74E-07,-5730,
1.74E-07,-4887,
1.74E-07,-3843,
1.74E-07,-3150,
1.75E-07,-2918,
1.75E-07,-3027,
1.75E-07,-3415,
1.75E-07,-4002,
1.75E-07,-4909,
1.76E-07,-5709,
1.76E-07,-6510,
1.76E-07,-7270,
1.76E-07,-7723,
1.76E-07,-7838,
1.77E-07,-7509,
1.77E-07,-6674,
1.77E-07,-5671,
1.77E-07,-4601,
1.77E-07,-3581,
1.78E-07,-2852,
1.78E-07,-2326,
1.78E-07,-2017,
1.78E-07,-2094,
1.78E-07,-2337,
1.79E-07,-2744,
1.79E-07,-3272,
1.79E-07,-3837,
1.79E-07,-4350,
1.79E-07,-4647,
1.80E-07,-4778,
1.80E-07,-4593,
1.80E-07,-4389,
1.80E-07,-3896,
1.80E-07,-3139,
1.81E-07,-2336,
1.81E-07,-1638,
1.81E-07,-985,
1.81E-07,-551,
1.81E-07,-337,
1.82E-07,-270,
1.82E-07,-380,
1.82E-07,-612,
1.82E-07,-842,
1.82E-07,-1057,
1.83E-07,-1119,
1.83E-07,-1007,
1.83E-07,-723,
1.83E-07,-442,
1.83E-07,-257,
1.84E-07,165,
1.84E-07,601,
1.84E-07,885,
1.84E-07,1086,
1.84E-07,1199,
1.85E-07,1254,
1.85E-07,1393,
1.85E-07,1460,
1.85E-07,1475,
1.85E-07,1448,
1.86E-07,1406,
1.86E-07,1302,
1.86E-07,1134,
1.86E-07,1022,
1.86E-07,942,
1.87E-07,948,
1.87E-07,1096,
1.87E-07,1183,
1.87E-07,1023,
1.87E-07,842,
1.88E-07,670,
1.88E-07,641,
1.88E-07,478,
1.88E-07,269,
1.88E-07,38,
1.89E-07,-177,
1.89E-07,-364,
1.89E-07,-350,
1.89E-07,-207,
1.89E-07,-187,
1.90E-07,-153,
1.90E-07,7,
1.90E-07,-43,
1.90E-07,-139,
1.90E-07,-72,
1.91E-07,-125,
1.91E-07,-273,
1.91E-07,-641,
1.91E-07,-1274,
1.91E-07,-1904,
1.92E-07,-2168,
1.92E-07,-1990,
1.92E-07,-1306,
1.92E-07,-196,
1.92E-07,1282,
1.93E-07,2765,
1.93E-07,3868,
1.93E-07,4271,
1.93E-07,4075,
1.93E-07,3443,
1.94E-07,2300,
1.94E-07,989,
1.94E-07,-594,
1.94E-07,-2150,
1.94E-07,-3252,
1.95E-07,-4119,
1.95E-07,-4367,
1.95E-07,-3914,
1.95E-07,-3001,
1.95E-07,-1714,
1.96E-07,-337,
1.96E-07,836,
1.96E-07,1621,
1.96E-07,2212,
1.96E-07,2211,
1.97E-07,1432,
1.97E-07,404,
1.97E-07,-680,
1.97E-07,-2043,
1.97E-07,-3531,
1.98E-07,-4800,
1.98E-07,-5456,
1.98E-07,-5506,
1.98E-07,-5119,
1.98E-07,-4231,
1.99E-07,-3031,
1.99E-07,-1765,
1.99E-07,-784,
1.99E-07,-212,
1.99E-07,193,
2.00E-07,186,
2.00E-07,-190,
2.00E-07,-907,
2.00E-07,-1981,
2.00E-07,-3123,
2.01E-07,-4253,
2.01E-07,-5287,
2.01E-07,-5860,
2.01E-07,-5892,
2.01E-07,-5549,
2.02E-07,-4876,
2.02E-07,-4049,
2.02E-07,-3201,
2.02E-07,-2302,
2.02E-07,-1586,
2.03E-07,-1298,
2.03E-07,-1429,
2.03E-07,-1625,
2.03E-07,-1973,
2.03E-07,-2623,
2.04E-07,-3286,
2.04E-07,-4099,
2.04E-07,-4835,
2.04E-07,-5435,
2.04E-07,-5757,
2.05E-07,-5616,
2.05E-07,-5195,
2.05E-07,-4584,
2.05E-07,-4037,
2.05E-07,-3548,
2.06E-07,-3080,
2.06E-07,-2781,
2.06E-07,-2849,
2.06E-07,-3087,
2.06E-07,-3209,
2.07E-07,-3588,
2.07E-07,-4161,
2.07E-07,-4565,
2.07E-07,-4751,
2.07E-07,-4836,
2.08E-07,-4883,
2.08E-07,-4816,
2.08E-07,-4427,
2.08E-07,-3935,
2.08E-07,-3557,
2.09E-07,-3295,
2.09E-07,-3352,
2.09E-07,-3375,
2.09E-07,-3636,
2.09E-07,-3892,
2.10E-07,-4043,
2.10E-07,-4225,
2.10E-07,-4276,
2.10E-07,-4301,
2.10E-07,-4336,
2.11E-07,-4537,
2.11E-07,-4492,
2.11E-07,-4381,
2.11E-07,-4194,
2.11E-07,-4025,
2.12E-07,-3776,
2.12E-07,-3530,
2.12E-07,-3489,
2.12E-07,-3397,
2.12E-07,-3497,
2.13E-07,-3536,
2.13E-07,-3529,
2.13E-07,-3711,
2.13E-07,-4290,
2.13E-07,-5134,
2.14E-07,-6049,
2.14E-07,-6893,
2.14E-07,-7655,
2.14E-07,-8340,
2.14E-07,-8963,
2.15E-07,-9302,
2.15E-07,-9262,
2.15E-07,-8814,
2.15E-07,-8081,
2.15E-07,-7217,
2.16E-07,-6302,
2.16E-07,-5386,
2.16E-07,-4595,
2.16E-07,-4044,
2.16E-07,-3943,
2.17E-07,-4284,
2.17E-07,-4719,
2.17E-07,-5350,
2.17E-07,-6173,
2.17E-07,-7059,
2.18E-07,-7855,
2.18E-07,-8361,
2.18E-07,-8619,
2.18E-07,-8512,
2.18E-07,-7630,
2.19E-07,-6628,
2.19E-07,-5634,
2.19E-07,-4681,
2.19E-07,-3882,
2.19E-07,-3363,
2.20E-07,-3184,
2.20E-07,-3075,
2.20E-07,-3029,
2.20E-07,-3118,
2.20E-07,-3347,
2.21E-07,-3738,
2.21E-07,-4471,
2.21E-07,-5041,
2.21E-07,-5360,
2.21E-07,-5225,
2.22E-07,-4831,
2.22E-07,-4368,
2.22E-07,-3683,
2.22E-07,-2901,
2.22E-07,-2194,
2.23E-07,-1578,
2.23E-07,-1038,
2.23E-07,-544,
2.23E-07,-368,
2.23E-07,-499,
2.24E-07,-638,
2.24E-07,-802,
2.24E-07,-960,
2.24E-07,-1044,
2.24E-07,-1099,
2.25E-07,-1009,
2.25E-07,-666,
2.25E-07,-252,
2.25E-07,140,
2.25E-07,623,
2.26E-07,949,
2.26E-07,1115,
2.26E-07,1301,
2.26E-07,1606,
2.26E-07,1958,
2.27E-07,2002,
2.27E-07,1946,
2.27E-07,1893,
2.27E-07,1825,
2.27E-07,1504,
2.28E-07,1139,
2.28E-07,1149,
2.28E-07,1376,
2.28E-07,1556,
2.28E-07,1541,
2.29E-07,1504,
2.29E-07,1332,
2.29E-07,1252,
2.29E-07,1316,
2.29E-07,1173,
2.30E-07,1008,
2.30E-07,947,
2.30E-07,737,
2.30E-07,577,
2.30E-07,473,
2.31E-07,573,
2.31E-07,620,
2.31E-07,573,
2.31E-07,751,
2.31E-07,860,
2.32E-07,981,
2.32E-07,1044,
2.32E-07,1065,
2.32E-07,1110,
2.32E-07,935,
2.33E-07,332,
2.33E-07,-392,
2.33E-07,-1349,
2.33E-07,-2381,
2.33E-07,-2899,
2.34E-07,-2834,
2.34E-07,-2208,
2.34E-07,-1172,
2.34E-07,93,
2.34E-07,1281,
2.35E-07,2091,
2.35E-07,2308,
2.35E-07,2031,
2.35E-07,1485,
2.35E-07,656,
2.36E-07,-128,
2.36E-07,-817,
2.36E-07,-1502,
2.36E-07,-2028,
2.36E-07,-2255,
2.37E-07,-1975,
2.37E-07,-1226,
2.37E-07,-173,
2.37E-07,1012,
2.37E-07,1969,
2.38E-07,2579,
2.38E-07,2769,
2.38E-07,2382,
2.38E-07,1817,
2.38E-07,879,
2.39E-07,-243,
2.39E-07,-1321,
2.39E-07,-2281,
2.39E-07,-2975,
2.39E-07,-3378,
2.40E-07,-3236,
2.40E-07,-2684,
2.40E-07,-1786,
2.40E-07,-578,
2.40E-07,602,
2.41E-07,1483,
2.41E-07,2130,
2.41E-07,2600,
2.41E-07,2743,
2.41E-07,2440,
2.42E-07,1721,
2.42E-07,767,
2.42E-07,-227,
2.42E-07,-1195,
2.42E-07,-1924,
2.43E-07,-2265,
2.43E-07,-2142,
2.43E-07,-1649,
2.43E-07,-991,
2.43E-07,-345,
2.44E-07,491,
2.44E-07,1338,
2.44E-07,2062,
2.44E-07,2404,
2.44E-07,2466,
2.45E-07,2253,
2.45E-07,1787,
2.45E-07,1000,
2.45E-07,28,
2.45E-07,-666,
2.46E-07,-1271,
2.46E-07,-1606,
2.46E-07,-1757,
2.46E-07,-1758,
2.46E-07,-1422,
2.47E-07,-899,
2.47E-07,-240,
2.47E-07,467,
2.47E-07,901,
2.47E-07,1148,
2.48E-07,1200,
2.48E-07,1152,
2.48E-07,802,
2.48E-07,202,
2.48E-07,-549,
2.49E-07,-1081,
2.49E-07,-1521,
2.49E-07,-1971,
2.49E-07,-2279,
2.49E-07,-2478,
2.50E-07,-2519,
2.50E-07,-2333,
2.50E-07,-1989,
2.50E-07,-1725,
2.50E-07,-1475,
2.51E-07,-1410,
2.51E-07,-1549,
2.51E-07,-1698,
2.51E-07,-2062,
2.51E-07,-2436,
2.52E-07,-2799,
2.52E-07,-3131,
2.52E-07,-3139,
2.52E-07,-3072,
2.52E-07,-3212,
2.53E-07,-3109,
2.53E-07,-3000,
2.53E-07,-2946,
2.53E-07,-2857,
2.53E-07,-2747,
2.54E-07,-2534,
2.54E-07,-2243,
2.54E-07,-2072,
2.54E-07,-2090,
2.54E-07,-2212,
2.55E-07,-2738,
2.55E-07,-3389,
2.55E-07,-3863,
2.55E-07,-4432,
2.55E-07,-5154,
2.56E-07,-6053,
2.56E-07,-6838,
2.56E-07,-7530,
2.56E-07,-8072,
2.56E-07,-8172,
2.57E-07,-7768,
2.57E-07,-7117,
2.57E-07,-6158,
2.57E-07,-5267,
2.57E-07,-4410,
2.58E-07,-3562,
2.58E-07,-2995,
2.58E-07,-2658,
2.58E-07,-2732,
2.58E-07,-3180,
2.59E-07,-3825,
2.59E-07,-4598,
2.59E-07,-5302,
2.59E-07,-5991,
2.59E-07,-6603,
2.60E-07,-6733,
2.60E-07,-6462,
2.60E-07,-5910,
2.60E-07,-5171,
2.60E-07,-4039,
2.61E-07,-2878,
2.61E-07,-1934,
2.61E-07,-1207,
2.61E-07,-785,
2.61E-07,-502,
2.62E-07,-346,
2.62E-07,-581,
2.62E-07,-970,
2.62E-07,-1437,
2.62E-07,-2066,
2.63E-07,-2555,
2.63E-07,-2693,
2.63E-07,-2540,
2.63E-07,-2219,
2.63E-07,-1670,
2.64E-07,-856,
2.64E-07,-201,
2.64E-07,257,
2.64E-07,808,
2.64E-07,1312,
2.65E-07,1777,
2.65E-07,1875,
2.65E-07,1956,
2.65E-07,2089,
2.65E-07,1957,
2.66E-07,1656,
2.66E-07,1190,
2.66E-07,1084,
2.66E-07,1191,
2.66E-07,1337,
2.67E-07,1617,
2.67E-07,1829,
2.67E-07,2073,
2.67E-07,2288,
2.67E-07,2683,
2.68E-07,2937,
2.68E-07,3117,
2.68E-07,3348,
2.68E-07,3299,
2.68E-07,3142,
2.69E-07,3026,
2.69E-07,2888,
2.69E-07,2642,
2.69E-07,2381,
2.69E-07,2103,
2.70E-07,1990,
2.70E-07,2302,
2.70E-07,2416,
2.70E-07,2182,
2.70E-07,2100,
2.71E-07,2108,
2.71E-07,2095,
2.71E-07,2069,
2.71E-07,1760,
2.71E-07,1502,
2.72E-07,1345,
2.72E-07,1112,
2.72E-07,939,
2.72E-07,1067,
2.72E-07,1183,
2.73E-07,950,
2.73E-07,697,
2.73E-07,745,
2.73E-07,948,
2.73E-07,964,
2.74E-07,1090,
2.74E-07,1194,
2.74E-07,1290,
2.74E-07,1202,
2.74E-07,928,
2.75E-07,613,
2.75E-07,893,
2.75E-07,1646,
2.75E-07,2562,
2.75E-07,3973,
2.76E-07,5552,
2.76E-07,6945,
2.76E-07,7864,
2.76E-07,8157,
2.76E-07,7896,
2.77E-07,7024,
2.77E-07,5570,
2.77E-07,3589,
2.77E-07,1448,
2.77E-07,-879,
2.78E-07,-2729,
2.78E-07,-4112,
2.78E-07,-4711,
2.78E-07,-4236,
2.78E-07,-2911,
2.79E-07,-1086,
2.79E-07,988,
2.79E-07,3171,
2.79E-07,4895,
2.79E-07,5880,
2.80E-07,6181,
2.80E-07,5857,
2.80E-07,5039,
2.80E-07,3470,
2.80E-07,1510,
2.81E-07,-506,
2.81E-07,-2219,
2.81E-07,-3595,
2.81E-07,-4508,
2.81E-07,-4711,
2.82E-07,-4120,
2.82E-07,-2965,
2.82E-07,-1599,
2.82E-07,-243,
2.82E-07,1025,
2.83E-07,1889,
2.83E-07,2218,
2.83E-07,2137,
2.83E-07,1484,
2.83E-07,500,
2.84E-07,-588,
2.84E-07,-2005,
2.84E-07,-3572,
2.84E-07,-4732,
2.84E-07,-5515,
2.85E-07,-5805,
2.85E-07,-5582,
2.85E-07,-4963,
2.85E-07,-3958,
2.85E-07,-2789,
2.86E-07,-1648,
2.86E-07,-765,
2.86E-07,-355,
2.86E-07,-233,
2.86E-07,-319,
2.87E-07,-676,
2.87E-07,-1413,
2.87E-07,-2354,
2.87E-07,-3407,
2.87E-07,-4262,
2.88E-07,-4676,
2.88E-07,-4888,
2.88E-07,-4913,
2.88E-07,-4942,
2.88E-07,-4684,
2.89E-07,-4367,
2.89E-07,-3992,
2.89E-07,-3598,
2.89E-07,-3506,
2.89E-07,-3497,
2.90E-07,-3304,
2.90E-07,-3284,
2.90E-07,-3483,
2.90E-07,-3783,
2.90E-07,-3992,
2.91E-07,-3979,
2.91E-07,-3869,
2.91E-07,-3632,
2.91E-07,-3319,
2.91E-07,-2809,
2.92E-07,-2313,
2.92E-07,-1922,
2.92E-07,-1684,
2.92E-07,-1632,
2.92E-07,-1547,
2.93E-07,-1477,
2.93E-07,-1825,
2.93E-07,-2127,
2.93E-07,-2256,
2.93E-07,-2372,
2.94E-07,-2490,
2.94E-07,-2457,
2.94E-07,-2329,
2.94E-07,-2167,
2.94E-07,-1974,
2.95E-07,-1438,
2.95E-07,-762,
2.95E-07,-400,
2.95E-07,-447,
2.95E-07,-396,
2.96E-07,-277,
2.96E-07,-148,
2.96E-07,-252,
2.96E-07,-704,
2.96E-07,-1220,
2.97E-07,-1916,
2.97E-07,-2816,
2.97E-07,-3843,
2.97E-07,-4728,
2.97E-07,-5385,
2.98E-07,-5866,
2.98E-07,-6286,
2.98E-07,-6456,
2.98E-07,-6189,
2.98E-07,-5590,
2.99E-07,-4705,
2.99E-07,-3805,
2.99E-07,-2966,
2.99E-07,-2343,
2.99E-07,-1919,
3.00E-07,-1657,
3.00E-07,-1547,
3.00E-07,-1863,
3.00E-07,-2757,
3.00E-07,-3561,
3.01E-07,-4365,
3.01E-07,-5172,
3.01E-07,-6081,
3.01E-07,-6694,
3.01E-07,-6642,
3.02E-07,-6266,
3.02E-07,-5658,
3.02E-07,-4840,
3.02E-07,-3947,
3.02E-07,-3172,
3.03E-07,-2582,
3.03E-07,-2033,
3.03E-07,-1734,
3.03E-07,-1684,
3.03E-07,-2054,
3.04E-07,-2670,
3.04E-07,-3344,
3.04E-07,-3901,
3.04E-07,-4320,
3.04E-07,-4706,
3.05E-07,-4960,
3.05E-07,-4889,
3.05E-07,-4472,
3.05E-07,-3833,
3.05E-07,-3099,
3.06E-07,-2230,
3.06E-07,-1478,
3.06E-07,-976,
3.06E-07,-653,
3.06E-07,-308,
3.07E-07,-79,
3.07E-07,-115,
3.07E-07,-247,
3.07E-07,-288,
3.07E-07,-386,
3.08E-07,-523,
3.08E-07,-490,
3.08E-07,-387,
3.08E-07,-77,
3.08E-07,6,
3.09E-07,263,
3.09E-07,704,
3.09E-07,1113,
3.09E-07,1452,
3.09E-07,1736,
3.10E-07,2129,
3.10E-07,2322,
3.10E-07,2279,
3.10E-07,2088,
3.10E-07,2168,
3.11E-07,2309,
3.11E-07,2428,
3.11E-07,2482,
3.11E-07,2530,
3.11E-07,2511,
3.12E-07,2526,
3.12E-07,2571,
3.12E-07,2647,
3.12E-07,2445,
3.12E-07,2311,
3.13E-07,2348,
3.13E-07,2242,
3.13E-07,1955,
3.13E-07,1781,
3.13E-07,1655,
3.14E-07,1521,
3.14E-07,1537,
3.14E-07,1579,
3.14E-07,1574,
3.14E-07,1610,
3.15E-07,1680,
3.15E-07,1818,
3.15E-07,2012,
3.15E-07,2091,
3.15E-07,2073,
3.16E-07,2038,
3.16E-07,1831,
3.16E-07,1476,
3.16E-07,688,
3.16E-07,-179,
3.17E-07,-790,
3.17E-07,-990,
3.17E-07,-690,
3.17E-07,122,
3.17E-07,1287,
3.18E-07,2457,
3.18E-07,3331,
3.18E-07,3817,
3.18E-07,3788,
3.18E-07,3029,
3.19E-07,1971,
3.19E-07,766,
3.19E-07,-552,
3.19E-07,-1699,
3.19E-07,-2393,
3.20E-07,-2734,
3.20E-07,-2853,
3.20E-07,-2400,
3.20E-07,-1379,
3.20E-07,-79,
3.21E-07,1491,
3.21E-07,2788,
3.21E-07,3669,
3.21E-07,3988,
3.21E-07,3624,
3.22E-07,2872,
3.22E-07,1793,
3.22E-07,389,
3.22E-07,-1372,
3.22E-07,-2951,
3.23E-07,-4043,
3.23E-07,-4710,
3.23E-07,-4669,
3.23E-07,-4216,
3.23E-07,-3107,
3.24E-07,-1769,
3.24E-07,-505,
3.24E-07,700,
3.24E-07,1576,
3.24E-07,2068,
3.25E-07,2224,
3.25E-07,2159,
3.25E-07,1640,
3.25E-07,668,
3.25E-07,-559,
3.26E-07,-1551,
3.26E-07,-2374,
3.26E-07,-2823,
3.26E-07,-2799,
3.26E-07,-2455,
3.27E-07,-1817,
3.27E-07,-929,
3.27E-07,110,
3.27E-07,1097,
3.27E-07,1714,
3.28E-07,1972,
3.28E-07,2146,
3.28E-07,2109,
3.28E-07,1798,
3.28E-07,1159,
3.29E-07,414,
3.29E-07,-324,
3.29E-07,-1133,
3.29E-07,-1528,
3.29E-07,-1730,
3.30E-07,-1732,
3.30E-07,-1302,
3.30E-07,-865,
3.30E-07,-373,
3.30E-07,223,
3.31E-07,723,
3.31E-07,912,
3.31E-07,865,
3.31E-07,872,
3.31E-07,712,
3.32E-07,492,
3.32E-07,113,
3.32E-07,-352,
3.32E-07,-684,
3.32E-07,-990,
3.33E-07,-1251,
3.33E-07,-1360,
3.33E-07,-1221,
3.33E-07,-987,
3.33E-07,-845,
3.34E-07,-723,
3.34E-07,-610,
3.34E-07,-659,
3.34E-07,-731,
3.34E-07,-868,
3.35E-07,-1198,
3.35E-07,-1602,
3.35E-07,-2009,
3.35E-07,-2280,
3.35E-07,-2366,
3.36E-07,-2232,
3.36E-07,-2237,
3.36E-07,-2211,
3.36E-07,-1964,
3.36E-07,-1714,
3.37E-07,-1744,
3.37E-07,-1635,
3.37E-07,-1480,
3.37E-07,-1404,
3.37E-07,-1344,
3.38E-07,-1458,
3.38E-07,-1837,
3.38E-07,-2274,
3.38E-07,-2737,
3.38E-07,-3374,
3.39E-07,-4251,
3.39E-07,-5202,
3.39E-07,-6156,
3.39E-07,-6913,
3.39E-07,-7482,
3.40E-07,-7740,
3.40E-07,-7578,
3.40E-07,-7131,
3.40E-07,-6522,
3.40E-07,-5829,
3.41E-07,-4975,
3.41E-07,-3959,
3.41E-07,-3337,
3.41E-07,-2957,
3.41E-07,-2895,
3.42E-07,-3065,
3.42E-07,-3421,
3.42E-07,-4010,
3.42E-07,-4737,
3.42E-07,-5528,
3.43E-07,-6218,
3.43E-07,-6817,
3.43E-07,-6842,
3.43E-07,-6407,
3.43E-07,-5554,
3.44E-07,-4589,
3.44E-07,-3645,
3.44E-07,-2516,
3.44E-07,-1512,
3.44E-07,-875,
3.45E-07,-582,
3.45E-07,-360,
3.45E-07,-414,
3.45E-07,-778,
3.45E-07,-1139,
3.46E-07,-1561,
3.46E-07,-2002,
3.46E-07,-2384,
3.46E-07,-2655,
3.46E-07,-2545,
3.47E-07,-2143,
3.47E-07,-1669,
3.47E-07,-1038,
3.47E-07,-294,
3.47E-07,620,
3.48E-07,1463,
3.48E-07,2104,
3.48E-07,2461,
3.48E-07,2660,
3.48E-07,2592,
3.49E-07,2376,
3.49E-07,2384,
3.49E-07,2220,
3.49E-07,2130,
3.49E-07,2074,
3.50E-07,1951,
3.50E-07,2048,
3.50E-07,2258,
3.50E-07,2531,
3.50E-07,2887,
3.51E-07,3272,
3.51E-07,3710,
3.51E-07,3923,
3.51E-07,3937,
3.51E-07,4040,
3.52E-07,4100,
3.52E-07,3904,
3.52E-07,3837,
3.52E-07,3732,
3.52E-07,3400,
3.53E-07,3254,
3.53E-07,3234,
3.53E-07,3232,
3.53E-07,3225,
3.53E-07,3266,
3.54E-07,3253,
3.54E-07,3134,
3.54E-07,2900,
3.54E-07,2643,
3.54E-07,2447,
3.55E-07,2459,
3.55E-07,2322,
3.55E-07,2201,
3.55E-07,2016,
3.55E-07,1906,
3.56E-07,1922,
3.56E-07,1822,
3.56E-07,1637,
3.56E-07,1674,
3.56E-07,1759,
3.57E-07,1799,
3.57E-07,1886,
3.57E-07,2011,
3.57E-07,2160,
3.57E-07,1925,
3.58E-07,1479,
3.58E-07,845,
3.58E-07,134,
3.58E-07,-363,
3.58E-07,-269,
3.59E-07,240,
3.59E-07,1309,
3.59E-07,2821,
3.59E-07,4281,
3.59E-07,5270,
3.60E-07,6011,
3.60E-07,6282,
3.60E-07,5908,
3.60E-07,4944,
3.60E-07,3545,
3.61E-07,2112,
3.61E-07,878,
3.61E-07,-304,
3.61E-07,-1232,
3.61E-07,-1694,
3.62E-07,-1420,
3.62E-07,-487,
3.62E-07,695,
3.62E-07,2057,
3.62E-07,3461,
3.63E-07,4471,
3.63E-07,4977,
3.63E-07,5100,
3.63E-07,4745,
3.63E-07,3834,
3.64E-07,2543,
3.64E-07,1214,
3.64E-07,-66,
3.64E-07,-1091,
3.64E-07,-1774,
3.65E-07,-1952,
3.65E-07,-1602,
3.65E-07,-839,
3.65E-07,106,
3.65E-07,1153,
3.66E-07,2219,
3.66E-07,3090,
3.66E-07,3515,
3.66E-07,3575,
3.66E-07,3304,
3.67E-07,2600,
3.67E-07,1631,
3.67E-07,548,
3.67E-07,-526,
3.67E-07,-1343,
3.68E-07,-1900,
3.68E-07,-2152,
3.68E-07,-1875,
3.68E-07,-1352,
3.68E-07,-664,
3.69E-07,160,
3.69E-07,934,
3.69E-07,1607,
3.69E-07,2127,
3.69E-07,2128,
3.70E-07,1868,
3.70E-07,1633,
3.70E-07,1006,
3.70E-07,194,
3.70E-07,-548,
3.71E-07,-1260,
3.71E-07,-1827,
3.71E-07,-2287,
3.71E-07,-2384,
3.71E-07,-2163,
3.72E-07,-1713,
3.72E-07,-1330,
3.72E-07,-861,
3.72E-07,-387,
3.72E-07,-97,
3.73E-07,58,
3.73E-07,6,
3.73E-07,-268,
3.73E-07,-584,
3.73E-07,-1157,
3.74E-07,-1643,
3.74E-07,-1799,
3.74E-07,-2062,
3.74E-07,-2116,
3.74E-07,-1966,
3.75E-07,-1707,
3.75E-07,-1457,
3.75E-07,-1181,
3.75E-07,-902,
3.75E-07,-513,
3.76E-07,-415,
3.76E-07,-614,
3.76E-07,-747,
3.76E-07,-933,
3.76E-07,-1105,
3.77E-07,-1368,
3.77E-07,-1649,
3.77E-07,-1863,
3.77E-07,-1828,
3.77E-07,-1761,
3.78E-07,-1788,
3.78E-07,-1392,
3.78E-07,-1206,
3.78E-07,-1068,
3.78E-07,-936,
3.79E-07,-827,
3.79E-07,-730,
3.79E-07,-565,
3.79E-07,-323,
3.79E-07,-357,
3.80E-07,-559,
3.80E-07,-981,
3.80E-07,-1664,
3.80E-07,-2374,
3.80E-07,-3370,
3.81E-07,-4156,
3.81E-07,-4763,
3.81E-07,-5412,
3.81E-07,-5914,
3.81E-07,-5880,
3.82E-07,-5481,
3.82E-07,-4820,
3.82E-07,-4000,
3.82E-07,-3210,
3.82E-07,-2507,
3.83E-07,-1697,
3.83E-07,-1146,
3.83E-07,-805,
3.83E-07,-897,
3.83E-07,-1383,
3.84E-07,-2076,
3.84E-07,-2723,
3.84E-07,-3362,
3.84E-07,-4126,
3.84E-07,-4720,
3.85E-07,-5069,
3.85E-07,-5072,
3.85E-07,-4622,
3.85E-07,-3868,
3.85E-07,-2987,
3.86E-07,-2020,
3.86E-07,-845,
3.86E-07,32,
3.86E-07,350,
3.86E-07,436,
3.87E-07,257,
3.87E-07,-163,
3.87E-07,-674,
3.87E-07,-1208,
3.87E-07,-1662,
3.88E-07,-2196,
3.88E-07,-2416,
3.88E-07,-2472,
3.88E-07,-2266,
3.88E-07,-1751,
3.89E-07,-1021,
3.89E-07,-453,
3.89E-07,88,
3.89E-07,636,
3.89E-07,1164,
3.90E-07,1638,
3.90E-07,1892,
3.90E-07,2015,
3.90E-07,1898,
3.90E-07,1746,
3.91E-07,1562,
3.91E-07,1438,
3.91E-07,1329,
3.91E-07,1383,
3.91E-07,1464,
3.92E-07,1571,
3.92E-07,1920,
3.92E-07,2390,
3.92E-07,2862,
3.92E-07,3148,
3.93E-07,3356,
3.93E-07,3462,
3.93E-07,3480,
3.93E-07,3407,
3.93E-07,3559,
3.94E-07,3534,
3.94E-07,3359,
3.94E-07,3256,
3.94E-07,3181,
3.94E-07,3165,
3.95E-07,3053,
3.95E-07,3040,
3.95E-07,3212,
3.95E-07,3313,
3.95E-07,3446,
3.96E-07,3357,
3.96E-07,3069,
3.96E-07,2892,
3.96E-07,2796,
3.96E-07,2673,
3.97E-07,2477,
3.97E-07,2263,
3.97E-07,1987,
3.97E-07,2122,
3.97E-07,2418,
3.98E-07,2506,
3.98E-07,2541,
3.98E-07,2568,
3.98E-07,2489,
3.98E-07,2541,
3.99E-07,2574,
3.99E-07,2600,
3.99E-07,2534,
3.99E-07,2389,
3.99E-07,1911,
4.00E-07,1250,
4.00E-07,629,
4.00E-07,508,
4.00E-07,976,
4.00E-07,1895,
4.01E-07,3239,
4.01E-07,4749,
4.01E-07,5914,
4.01E-07,6638,
4.01E-07,6772,
4.02E-07,6420,
4.02E-07,5575,
4.02E-07,4414,
4.02E-07,3155,
4.02E-07,1736,
4.03E-07,429,
4.03E-07,-455,
4.03E-07,-1037,
4.03E-07,-1035,
4.03E-07,-549,
4.04E-07,451,
4.04E-07,1751,
4.04E-07,3028,
4.04E-07,4064,
4.04E-07,4906,
4.05E-07,5247,
4.05E-07,4899,
4.05E-07,3903,
4.05E-07,2658,
4.05E-07,1378,
4.06E-07,113,
4.06E-07,-933,
4.06E-07,-1950,
4.06E-07,-2438,
4.06E-07,-2229,
4.07E-07,-1492,
4.07E-07,-678,
4.07E-07,240,
4.07E-07,1305,
4.07E-07,2154,
4.08E-07,2891,
4.08E-07,3215,
4.08E-07,3019,
4.08E-07,2525,
4.08E-07,1691,
4.09E-07,671,
4.09E-07,-358,
4.09E-07,-1355,
4.09E-07,-2078,
4.09E-07,-2451,
4.10E-07,-2286,
4.10E-07,-1810,
4.10E-07,-1124,
4.10E-07,-287,
4.10E-07,585,
4.11E-07,1275,
4.11E-07,1750,
4.11E-07,1966,
4.11E-07,2100,
4.11E-07,1789,
4.12E-07,970,
4.12E-07,161,
4.12E-07,-405,
4.12E-07,-1079,
4.12E-07,-1787,
4.13E-07,-2071,
4.13E-07,-2131,
4.13E-07,-2063,
4.13E-07,-1683,
4.13E-07,-1140,
4.14E-07,-507,
4.14E-07,-51,
4.14E-07,126,
4.14E-07,239,
4.14E-07,308,
4.15E-07,242,
4.15E-07,-81,
4.15E-07,-449,
4.15E-07,-883,
4.15E-07,-1335,
4.16E-07,-1518,
4.16E-07,-1667,
4.16E-07,-1640,
4.16E-07,-1343,
4.16E-07,-1084,
4.17E-07,-853,
4.17E-07,-486,
4.17E-07,-209,
4.17E-07,-127,
4.17E-07,-232,
4.18E-07,-207,
4.18E-07,-256,
4.18E-07,-555,
4.18E-07,-891,
4.18E-07,-1071,
4.19E-07,-1029,
4.19E-07,-946,
4.19E-07,-957,
4.19E-07,-833,
4.19E-07,-678,
4.20E-07,-524,
4.20E-07,-365,
4.20E-07,-297,
4.20E-07,-172,
4.20E-07,-10,
4.21E-07,113,
4.21E-07,108,
4.21E-07,-83,
4.21E-07,-235,
4.21E-07,-499,
4.22E-07,-1011,
4.22E-07,-1694,
4.22E-07,-2569,
4.22E-07,-3645,
4.22E-07,-4448,
4.23E-07,-5284,
4.23E-07,-5707,
4.23E-07,-5759,
4.23E-07,-5577,
4.23E-07,-5031,
4.24E-07,-4337,
4.24E-07,-3538,
4.24E-07,-2593,
4.24E-07,-1640,
4.24E-07,-1216,
4.25E-07,-1108,
4.25E-07,-1106,
4.25E-07,-1239,
4.25E-07,-1760,
4.25E-07,-2505,
4.26E-07,-3210,
4.26E-07,-3901,
4.26E-07,-4492,
4.26E-07,-4967,
4.26E-07,-5051,
4.27E-07,-4647,
4.27E-07,-3829,
4.27E-07,-2871,
4.27E-07,-2002,
4.27E-07,-1108,
4.28E-07,-363,
4.28E-07,122,
4.28E-07,300,
4.28E-07,290,
4.28E-07,-17,
4.29E-07,-490,
4.29E-07,-943,
4.29E-07,-1363,
4.29E-07,-1756,
4.29E-07,-1974,
4.30E-07,-2052,
4.30E-07,-1896,
4.30E-07,-1464,
4.30E-07,-852,
4.30E-07,-75,
4.31E-07,551,
4.31E-07,1149,
4.31E-07,1625,
4.31E-07,1993,
4.31E-07,2274,
4.32E-07,2319,
4.32E-07,2235,
4.32E-07,2262,
4.32E-07,2250,
4.32E-07,1988,
4.33E-07,1864,
4.33E-07,1908,
4.33E-07,2146,
4.33E-07,2550,
4.33E-07,2701,
4.34E-07,2855,
4.34E-07,3136,
4.34E-07,3484,
4.34E-07,3899,
4.34E-07,4042,
4.35E-07,3954,
4.35E-07,4001,
4.35E-07,4050,
4.35E-07,4006,
4.35E-07,3947,
4.36E-07,3758,
4.36E-07,3742,
4.36E-07,3802,
4.36E-07,3771,
4.36E-07,3736,
4.37E-07,3724,
4.37E-07,3748,
4.37E-07,3715,
4.37E-07,3611,
4.37E-07,3411,
4.38E-07,3184,
4.38E-07,3066,
4.38E-07,3103,
4.38E-07,3057,
4.38E-07,2718,
4.39E-07,2427,
4.39E-07,2307,
4.39E-07,2370,
4.39E-07,2528,
4.39E-07,2676,
4.40E-07,2882,
4.40E-07,3012,
4.40E-07,3135,
4.40E-07,3128,
4.40E-07,2777,
4.41E-07,2649,
4.41E-07,2562,
4.41E-07,2356,
4.41E-07,1834,
4.41E-07,1129,
4.42E-07,707,
4.42E-07,972,
4.42E-07,1786,
4.42E-07,2978,
4.42E-07,4475,
4.43E-07,5888,
4.43E-07,6678,
4.43E-07,6936,
4.43E-07,6739,
4.43E-07,6061,
4.44E-07,4889,
4.44E-07,3517,
4.44E-07,2256,
4.44E-07,1070,
4.44E-07,123,
4.45E-07,-582,
4.45E-07,-752,
4.45E-07,-515,
4.45E-07,232,
4.45E-07,1519,
4.46E-07,2886,
4.46E-07,4164,
4.46E-07,5020,
4.46E-07,5353,
4.46E-07,5251,
4.47E-07,4530,
4.47E-07,3442,
4.47E-07,2188,
4.47E-07,975,
4.47E-07,-121,
4.48E-07,-1094,
4.48E-07,-1839,
4.48E-07,-2061,
4.48E-07,-1737,
4.48E-07,-966,
4.49E-07,121,
4.49E-07,1205,
4.49E-07,2169,
4.49E-07,3057,
4.49E-07,3571,
4.50E-07,3593,
4.50E-07,3033,
4.50E-07,2224,
4.50E-07,1183,
4.50E-07,201,
4.51E-07,-680,
4.51E-07,-1498,
4.51E-07,-1946,
4.51E-07,-2015,
4.51E-07,-1720,
4.52E-07,-1099,
4.52E-07,-114,
4.52E-07,851,
4.52E-07,1554,
4.52E-07,2096,
4.53E-07,2423,
4.53E-07,2429,
4.53E-07,2226,
4.53E-07,1684,
4.53E-07,984,
4.54E-07,206,
4.54E-07,-615,
4.54E-07,-1369,
4.54E-07,-1771,
4.54E-07,-1725,
4.55E-07,-1662,
4.55E-07,-1460,
4.55E-07,-1059,
4.55E-07,-651,
4.55E-07,-284,
4.56E-07,131,
4.56E-07,509,
4.56E-07,553,
4.56E-07,456,
4.56E-07,421,
4.57E-07,116,
4.57E-07,-346,
4.57E-07,-915,
4.57E-07,-1255,
4.57E-07,-1425,
4.58E-07,-1503,
4.58E-07,-1266,
4.58E-07,-948,
4.58E-07,-661,
4.58E-07,-285,
4.59E-07,86,
4.59E-07,197,
4.59E-07,447,
4.59E-07,473,
4.59E-07,262,
4.60E-07,19,
4.60E-07,-276,
4.60E-07,-420,
4.60E-07,-658,
4.60E-07,-839,
4.61E-07,-995,
4.61E-07,-864,
4.61E-07,-651,
4.61E-07,-437,
4.61E-07,-294,
4.62E-07,-178,
4.62E-07,92,
4.62E-07,172,
4.62E-07,238,
4.62E-07,474,
4.63E-07,511,
4.63E-07,431,
4.63E-07,69,
4.63E-07,-574,
4.63E-07,-1290,
4.64E-07,-2205,
4.64E-07,-3277,
4.64E-07,-4210,
4.64E-07,-4944,
4.64E-07,-5303,
4.65E-07,-5507,
4.65E-07,-5320,
4.65E-07,-4808,
4.65E-07,-4241,
4.65E-07,-3570,
4.66E-07,-2677,
4.66E-07,-1720,
4.66E-07,-1053,
4.66E-07,-615,
4.66E-07,-484,
4.67E-07,-649,
4.67E-07,-1093,
4.67E-07,-1597,
4.67E-07,-2649,
4.67E-07,-3651,
4.68E-07,-4237,
4.68E-07,-4568,
4.68E-07,-4658,
4.68E-07,-4433,
4.68E-07,-3841,
4.69E-07,-2879,
4.69E-07,-2048,
4.69E-07,-1140,
4.69E-07,-444,
4.69E-07,-1,
4.70E-07,294,
4.70E-07,491,
4.70E-07,537,
4.70E-07,202,
4.70E-07,-244,
4.71E-07,-717,
4.71E-07,-1133,
4.71E-07,-1570,
4.71E-07,-1850,
4.71E-07,-1799,
4.72E-07,-1433,
4.72E-07,-883,
4.72E-07,-327,
4.72E-07,247,
4.72E-07,964,
4.73E-07,1607,
4.73E-07,2032,
4.73E-07,2152,
4.73E-07,2214,
4.73E-07,2032,
4.74E-07,1752,
4.74E-07,1502,
4.74E-07,1359,
4.74E-07,1150,
4.74E-07,1184,
4.75E-07,1639,
4.75E-07,2147,
4.75E-07,2611,
4.75E-07,2861,
4.75E-07,2980,
4.76E-07,2861,
4.76E-07,2449,
4.76E-07,1829,
4.76E-07,1230,
4.76E-07,802,
4.77E-07,436,
4.77E-07,285,
4.77E-07,553,
4.77E-07,1168,
4.77E-07,2014,
4.78E-07,2994,
4.78E-07,3700,
4.78E-07,4053,
4.78E-07,4272,
4.78E-07,4305,
4.79E-07,3828,
4.79E-07,2907,
4.79E-07,2053,
4.79E-07,1272,
4.79E-07,647,
4.80E-07,361,
4.80E-07,506,
4.80E-07,1015,
4.80E-07,2093,
4.80E-07,3414,
4.81E-07,4667,
4.81E-07,5766,
4.81E-07,6683,
4.81E-07,7128,
4.81E-07,7054,
4.82E-07,6641,
4.82E-07,6046,
4.82E-07,5374,
4.82E-07,4588,
4.82E-07,3804,
4.83E-07,3139,
4.83E-07,2839,
4.83E-07,2598,
4.83E-07,2849,
4.83E-07,3985,
4.84E-07,5540,
4.84E-07,7314,
4.84E-07,8896,
4.84E-07,9975,
4.84E-07,10515,
4.85E-07,10415,
4.85E-07,9745,
4.85E-07,8473,
4.85E-07,6798,
4.85E-07,5204,
4.86E-07,3596,
4.86E-07,2297,
4.86E-07,1416,
4.86E-07,883,
4.86E-07,966,
4.87E-07,1630,
4.87E-07,2612,
4.87E-07,4024,
4.87E-07,5347,
4.87E-07,6121,
4.88E-07,6433,
4.88E-07,6271,
4.88E-07,5731,
4.88E-07,4767,
4.88E-07,3420,
4.89E-07,2130,
4.89E-07,875,
4.89E-07,-266,
4.89E-07,-978,
4.89E-07,-1309,
4.90E-07,-1352,
4.90E-07,-981,
4.90E-07,-221,
4.90E-07,675,
4.90E-07,1601,
4.91E-07,2479,
4.91E-07,3236,
4.91E-07,3356,
4.91E-07,3014,
4.91E-07,2421,
4.92E-07,1596,
4.92E-07,611,
4.92E-07,-555,
4.92E-07,-1446,
4.92E-07,-2211,
4.93E-07,-2680,
4.93E-07,-2879,
4.93E-07,-2691,
4.93E-07,-2005,
4.93E-07,-1105,
4.94E-07,-183,
4.94E-07,528,
4.94E-07,923,
4.94E-07,1169,
4.94E-07,1221,
4.95E-07,1068,
4.95E-07,724,
4.95E-07,68,
4.95E-07,-536,
4.95E-07,-1153,
4.96E-07,-1742,
4.96E-07,-2133,
4.96E-07,-2141,
4.96E-07,-1818,
4.96E-07,-1275,
4.97E-07,-815,
4.97E-07,-207,
4.97E-07,443,
4.97E-07,1081,
4.97E-07,1428,
4.98E-07,1544,
4.98E-07,1636,
4.98E-07,1478,
4.98E-07,1155,
4.98E-07,895,
4.99E-07,834,
4.99E-07,744,
4.99E-07,683,
4.99E-07,685,
4.99E-07,979,
5.00E-07,1483,
5.00E-07,1826,
5.00E-07,2169,
5.00E-07,2441,
5.00E-07,2565,
5.01E-07,2731,
5.01E-07,2599,
5.01E-07,2252,
5.01E-07,2081,
5.01E-07,1913,
5.02E-07,1804,
5.02E-07,1629,
5.02E-07,1322,
5.02E-07,1158,
5.02E-07,1267,
5.03E-07,1434,
5.03E-07,1513,
5.03E-07,1629,
5.03E-07,1629,
5.03E-07,1799,
5.04E-07,1864,
5.04E-07,1687,
5.04E-07,1558,
5.04E-07,1553,
5.04E-07,1465,
5.05E-07,1248,
5.05E-07,875,
5.05E-07,244,
5.05E-07,-566,
5.05E-07,-1434,
5.06E-07,-2419,
5.06E-07,-3193,
5.06E-07,-3823,
5.06E-07,-4280,
5.06E-07,-4450,
5.07E-07,-4247,
5.07E-07,-3735,
5.07E-07,-3196,
5.07E-07,-2680,
5.07E-07,-1986,
5.08E-07,-1225,
5.08E-07,-640,
5.08E-07,-453,
5.08E-07,-664,
5.08E-07,-998,
5.09E-07,-1420,
5.09E-07,-2164,
5.09E-07,-3119,
5.09E-07,-4035,
5.09E-07,-4565,
5.10E-07,-4808,
5.10E-07,-4685,
5.10E-07,-4488,
5.10E-07,-3987,
5.10E-07,-3119,
5.11E-07,-2194,
5.11E-07,-1372,
5.11E-07,-815,
5.11E-07,-553,
5.11E-07,-376,
5.12E-07,-405,
5.12E-07,-843,
5.12E-07,-1522,
5.12E-07,-2205,
5.12E-07,-2871,
5.13E-07,-3206,
5.13E-07,-3458,
5.13E-07,-3641,
5.13E-07,-3640,
5.13E-07,-3103,
5.14E-07,-2387,
5.14E-07,-1712,
5.14E-07,-1069,
5.14E-07,-488,
5.14E-07,-117,
5.15E-07,199,
5.15E-07,440,
5.15E-07,492,
5.15E-07,347,
5.15E-07,-14,
5.16E-07,-631,
5.16E-07,-1284,
5.16E-07,-1739,
5.16E-07,-1898,
5.16E-07,-1734,
5.17E-07,-1458,
5.17E-07,-1022,
5.17E-07,-405,
5.17E-07,262,
5.17E-07,846,
5.18E-07,1258,
5.18E-07,1609,
5.18E-07,1635,
5.18E-07,1613,
5.18E-07,1418,
5.19E-07,822,
5.19E-07,-53,
5.19E-07,-553,
5.19E-07,-875,
5.19E-07,-987,
5.20E-07,-1053,
5.20E-07,-866,
5.20E-07,-369,
5.20E-07,147,
5.20E-07,660,
5.21E-07,1150,
5.21E-07,1229,
5.21E-07,1094,
5.21E-07,791,
5.21E-07,209,
5.22E-07,-546,
5.22E-07,-1290,
5.22E-07,-2074,
5.22E-07,-2678,
5.22E-07,-2970,
5.23E-07,-3023,
5.23E-07,-2721,
5.23E-07,-2163,
5.23E-07,-1580,
5.23E-07,-1145,
5.24E-07,-856,
5.24E-07,-800,
5.24E-07,-993,
5.24E-07,-1487,
5.24E-07,-2232,
5.25E-07,-3432,
5.25E-07,-4636,
5.25E-07,-5488,
5.25E-07,-5668,
5.25E-07,-4924,
5.26E-07,-3445,
5.26E-07,-1732,
5.26E-07,-116,
5.26E-07,1145,
5.26E-07,1771,
5.27E-07,1648,
5.27E-07,862,
5.27E-07,-350,
5.27E-07,-1925,
5.27E-07,-3746,
5.28E-07,-5339,
5.28E-07,-6678,
5.28E-07,-7788,
5.28E-07,-8138,
5.28E-07,-7727,
5.29E-07,-6377,
5.29E-07,-4679,
5.29E-07,-2934,
5.29E-07,-1206,
5.29E-07,-121,
5.30E-07,360,
5.30E-07,369,
5.30E-07,-150,
5.30E-07,-1329,
5.30E-07,-2831,
5.31E-07,-4301,
5.31E-07,-5783,
5.31E-07,-6657,
5.31E-07,-6986,
5.31E-07,-6671,
5.32E-07,-5966,
5.32E-07,-4954,
5.32E-07,-3588,
5.32E-07,-2099,
5.32E-07,-882,
5.33E-07,-44,
5.33E-07,532,
5.33E-07,627,
5.33E-07,92,
5.33E-07,-593,
5.34E-07,-1486,
5.34E-07,-2588,
5.34E-07,-3668,
5.34E-07,-4300,
5.34E-07,-4530,
5.35E-07,-4262,
5.35E-07,-3780,
5.35E-07,-3203,
5.35E-07,-2130,
5.35E-07,-876,
5.36E-07,150,
5.36E-07,798,
5.36E-07,1183,
5.36E-07,1298,
5.36E-07,1210,
5.37E-07,650,
5.37E-07,-190,
5.37E-07,-901,
5.37E-07,-1459,
5.37E-07,-1978,
5.38E-07,-2105,
5.38E-07,-2075,
5.38E-07,-2074,
5.38E-07,-1800,
5.38E-07,-1254,
5.39E-07,-670,
5.39E-07,-130,
5.39E-07,412,
5.39E-07,773,
5.39E-07,742,
5.40E-07,550,
5.40E-07,474,
5.40E-07,177,
5.40E-07,-412,
5.40E-07,-945,
5.41E-07,-1166,
5.41E-07,-1397,
5.41E-07,-1363,
5.41E-07,-1140,
5.41E-07,-913,
5.42E-07,-500,
5.42E-07,-66,
5.42E-07,168,
5.42E-07,310,
5.42E-07,290,
5.43E-07,281,
5.43E-07,104,
5.43E-07,-136,
5.43E-07,-182,
5.43E-07,-391,
5.44E-07,-655,
5.44E-07,-843,
5.44E-07,-906,
5.44E-07,-740,
5.44E-07,-541,
5.45E-07,-276,
5.45E-07,41,
5.45E-07,483,
5.45E-07,798,
5.45E-07,917,
5.46E-07,989,
5.46E-07,1204,
5.46E-07,1288,
5.46E-07,1109,
5.46E-07,771,
5.47E-07,163,
5.47E-07,-526,
5.47E-07,-1159,
5.47E-07,-1893,
5.47E-07,-2759,
5.48E-07,-3363,
5.48E-07,-3585,
5.48E-07,-3518,
5.48E-07,-3127,
5.48E-07,-2569,
5.49E-07,-1899,
5.49E-07,-1005,
5.49E-07,-5,
5.49E-07,980,
5.49E-07,1734,
5.50E-07,2065,
5.50E-07,2223,
5.50E-07,2098,
5.50E-07,1608,
5.50E-07,801,
5.51E-07,128,
5.51E-07,-339,
5.51E-07,-786,
5.51E-07,-1073,
5.51E-07,-863,
5.52E-07,-217,
5.52E-07,644,
5.52E-07,1444,
5.52E-07,2257,
5.52E-07,3238,
5.53E-07,4042,
5.53E-07,4378,
5.53E-07,4388,
5.53E-07,4460,
5.53E-07,4311,
5.54E-07,3935,
5.54E-07,3301,
5.54E-07,2559,
5.54E-07,2109,
5.54E-07,1855,
5.55E-07,1680,
5.55E-07,1803,
5.55E-07,2226,
5.55E-07,2679,
5.55E-07,3099,
5.56E-07,3525,
5.56E-07,4042,
5.56E-07,4544,
5.56E-07,4616,
5.56E-07,4595,
5.57E-07,4490,
5.57E-07,4196,
5.57E-07,3911,
5.57E-07,3621,
5.57E-07,3442,
5.58E-07,3194,
5.58E-07,2978,
5.58E-07,2909,
5.58E-07,2876,
5.58E-07,3079,
5.59E-07,3435,
5.59E-07,3664,
5.59E-07,3820,
5.59E-07,3946,
5.59E-07,3925,
5.60E-07,3988,
5.60E-07,4016,
5.60E-07,4039,
5.60E-07,3849,
5.60E-07,3592,
5.61E-07,3490,
5.61E-07,3403,
5.61E-07,3250,
5.61E-07,3224,
5.61E-07,3164,
5.62E-07,3007,
5.62E-07,2899,
5.62E-07,2895,
5.62E-07,2935,
5.62E-07,2992,
5.63E-07,2856,
5.63E-07,2557,
5.63E-07,2314,
5.63E-07,2223,
5.63E-07,2273,
5.64E-07,2202,
5.64E-07,1952,
5.64E-07,1757,
5.64E-07,1846,
5.64E-07,2044,
5.65E-07,2290,
5.65E-07,2273,
5.65E-07,2149,
5.65E-07,2335,
5.65E-07,2420,
5.66E-07,2281,
5.66E-07,2164,
5.66E-07,1792,
5.66E-07,1390,
5.66E-07,799,
5.67E-07,423,
5.67E-07,803,
5.67E-07,1573,
5.67E-07,2765,
5.67E-07,4371,
5.68E-07,5743,
5.68E-07,6738,
5.68E-07,7263,
5.68E-07,7110,
5.68E-07,6320,
5.69E-07,5280,
5.69E-07,4112,
5.69E-07,2831,
5.69E-07,1673,
5.69E-07,709,
5.70E-07,-113,
5.70E-07,-219,
5.70E-07,339,
5.70E-07,1419,
5.70E-07,2826,
5.71E-07,4147,
5.71E-07,5373,
5.71E-07,6198,
5.71E-07,6435,
5.71E-07,6293,
5.72E-07,5687,
5.72E-07,4685,
5.72E-07,3533,
5.72E-07,2348,
5.72E-07,1143,
5.73E-07,311,
5.73E-07,-320,
5.73E-07,-491,
5.73E-07,120,
5.73E-07,1060,
5.74E-07,2183,
5.74E-07,3239,
5.74E-07,4200,
5.74E-07,4879,
5.74E-07,5096,
5.75E-07,5030,
5.75E-07,4681,
5.75E-07,3956,
5.75E-07,2862,
5.75E-07,1780,
5.76E-07,894,
5.76E-07,243,
5.76E-07,-237,
5.76E-07,-399,
5.76E-07,-20,
5.77E-07,650,
5.77E-07,1403,
5.77E-07,2319,
5.77E-07,3073,
5.77E-07,3593,
5.78E-07,3994,
5.78E-07,4012,
5.78E-07,3697,
5.78E-07,3170,
5.78E-07,2579,
5.79E-07,2088,
5.79E-07,1320,
5.79E-07,479,
5.79E-07,3,
5.79E-07,-155,
5.80E-07,78,
5.80E-07,480,
5.80E-07,939,
5.80E-07,1432,
5.80E-07,1795,
5.81E-07,2073,
5.81E-07,2363,
5.81E-07,2466,
5.81E-07,2558,
5.81E-07,2437,
5.82E-07,2008,
5.82E-07,1476,
5.82E-07,973,
5.82E-07,706,
5.82E-07,759,
5.83E-07,775,
5.83E-07,954,
5.83E-07,1204,
5.83E-07,1385,
5.83E-07,1739,
5.84E-07,2133,
5.84E-07,2554,
5.84E-07,2670,
5.84E-07,2583,
5.84E-07,2298,
5.85E-07,1990,
5.85E-07,1818,
5.85E-07,1650,
5.85E-07,1469,
5.85E-07,1236,
5.86E-07,1240,
5.86E-07,1441,
5.86E-07,1670,
5.86E-07,1923,
5.86E-07,2286,
5.87E-07,2597,
5.87E-07,2783,
5.87E-07,2938,
5.87E-07,3022,
5.87E-07,3096,
5.88E-07,3103,
5.88E-07,2999,
5.88E-07,2738,
5.88E-07,2309,
5.88E-07,1648,
5.89E-07,803,
5.89E-07,-126,
5.89E-07,-955,
5.89E-07,-1628,
5.89E-07,-2108,
5.90E-07,-2414,
5.90E-07,-2159,
5.90E-07,-1501,
5.90E-07,-937,
5.90E-07,-245,
5.91E-07,510,
5.91E-07,1211,
5.91E-07,1932,
5.91E-07,2343,
5.91E-07,2575,
5.92E-07,2515,
5.92E-07,1984,
5.92E-07,1393,
5.92E-07,653,
5.92E-07,-58,
5.93E-07,-777,
5.93E-07,-1275,
5.93E-07,-1330,
5.93E-07,-1071,
5.93E-07,-469,
5.94E-07,258,
5.94E-07,1267,
5.94E-07,1991,
5.94E-07,2593,
5.94E-07,3111,
5.95E-07,3299,
5.95E-07,3308,
5.95E-07,2916,
5.95E-07,2333,
5.95E-07,1770,
5.96E-07,1137,
5.96E-07,515,
5.96E-07,-52,
5.96E-07,-377,
5.96E-07,-402,
5.97E-07,-274,
5.97E-07,90,
5.97E-07,582,
5.97E-07,1125,
5.97E-07,1610,
5.98E-07,2024,
5.98E-07,2316,
5.98E-07,2416,
5.98E-07,2317,
5.98E-07,2092,
5.99E-07,1645,
5.99E-07,1204,
5.99E-07,854,
5.99E-07,572,
5.99E-07,416,
6.00E-07,276,
6.00E-07,273,
6.00E-07,564,
6.00E-07,643,
6.00E-07,878,
6.01E-07,1313,
6.01E-07,1486,
6.01E-07,1476,
6.01E-07,1368,
6.01E-07,1376,
6.02E-07,1413,
6.02E-07,1322,
6.02E-07,1228,
6.02E-07,1223,
6.02E-07,1158,
6.03E-07,901,
6.03E-07,818,
6.03E-07,813,
6.03E-07,713,
6.03E-07,729,
6.04E-07,741,
6.04E-07,786,
6.04E-07,795,
6.04E-07,651,
6.04E-07,166,
6.05E-07,-250,
6.05E-07,-335,
6.05E-07,-382,
6.05E-07,-401,
6.05E-07,-659,
6.06E-07,-721,
6.06E-07,-630,
6.06E-07,-529,
6.06E-07,-501,
6.06E-07,-538,
6.07E-07,-407,
6.07E-07,-278,
6.07E-07,-335,
6.07E-07,-441,
6.07E-07,-465,
6.08E-07,-758,
6.08E-07,-1291,
6.08E-07,-1895,
6.08E-07,-2349,
6.08E-07,-2383,
6.09E-07,-1891,
6.09E-07,-977,
6.09E-07,445,
6.09E-07,2012,
6.09E-07,3145,
6.10E-07,3800,
6.10E-07,4032,
6.10E-07,3589,
6.10E-07,2602,
6.10E-07,1195,
6.11E-07,-229,
6.11E-07,-1732,
6.11E-07,-3168,
6.11E-07,-4005,
6.11E-07,-4391,
6.12E-07,-4148,
6.12E-07,-3214,
6.12E-07,-1850,
6.12E-07,-314,
6.12E-07,953,
6.13E-07,1817,
6.13E-07,2422,
6.13E-07,2550,
6.13E-07,2150,
6.13E-07,1200,
6.14E-07,139,
6.14E-07,-1142,
6.14E-07,-2585,
6.14E-07,-3943,
6.14E-07,-4761,
6.15E-07,-5084,
6.15E-07,-4912,
6.15E-07,-4139,
6.15E-07,-2939,
6.15E-07,-1553,
6.16E-07,-372,
6.16E-07,558,
6.16E-07,1083,
6.16E-07,1143,
6.16E-07,856,
6.17E-07,325,
6.17E-07,-560,
6.17E-07,-1726,
6.17E-07,-2779,
6.17E-07,-3549,
6.18E-07,-4002,
6.18E-07,-4399,
6.18E-07,-4315,
6.18E-07,-3566,
6.18E-07,-2591,
6.19E-07,-1642,
6.19E-07,-805,
6.19E-07,-4,
6.19E-07,470,
6.19E-07,439,
6.20E-07,363,
6.20E-07,80,
6.20E-07,-405,
6.20E-07,-1139,
6.20E-07,-2089,
6.21E-07,-2807,
6.21E-07,-3365,
6.21E-07,-3544,
6.21E-07,-3280,
6.21E-07,-2923,
6.22E-07,-2552,
6.22E-07,-1977,
6.22E-07,-1367,
6.22E-07,-855,
6.22E-07,-585,
6.23E-07,-477,
6.23E-07,-539,
6.23E-07,-666,
6.23E-07,-889,
6.23E-07,-1200,
6.24E-07,-1660,
6.24E-07,-1905,
6.24E-07,-1985,
6.24E-07,-1945,
6.24E-07,-1924,
6.25E-07,-1760,
6.25E-07,-1325,
6.25E-07,-872,
6.25E-07,-560,
6.25E-07,-391,
6.26E-07,-220,
6.26E-07,-131,
6.26E-07,-236,
6.26E-07,-316,
6.26E-07,-326,
6.27E-07,-528,
6.27E-07,-805,
6.27E-07,-991,
6.27E-07,-1063,
6.27E-07,-1026,
6.28E-07,-847,
6.28E-07,-469,
6.28E-07,-151,
6.28E-07,59,
6.28E-07,261,
6.29E-07,430,
6.29E-07,542,
6.29E-07,556,
6.29E-07,616,
6.29E-07,570,
6.30E-07,506,
6.30E-07,91,
6.30E-07,-599,
6.30E-07,-1409,
6.30E-07,-2237,
6.31E-07,-2955,
6.31E-07,-3668,
6.31E-07,-4177,
6.31E-07,-4477,
6.31E-07,-4523,
6.32E-07,-4119,
6.32E-07,-3506,
6.32E-07,-2757,
6.32E-07,-1972,
6.32E-07,-1158,
6.33E-07,-382,
6.33E-07,93,
6.33E-07,534,
6.33E-07,571,
6.33E-07,260,
6.34E-07,-321,
6.34E-07,-1007,
6.34E-07,-1845,
6.34E-07,-2534,
6.34E-07,-2953,
6.35E-07,-3144,
6.35E-07,-3134,
6.35E-07,-2732,
6.35E-07,-1907,
6.35E-07,-782,
6.36E-07,206,
6.36E-07,837,
6.36E-07,1386,
6.36E-07,1925,
6.36E-07,2145,
6.37E-07,1789,
6.37E-07,1291,
6.37E-07,824,
6.37E-07,332,
6.37E-07,-280,
6.38E-07,-943,
6.38E-07,-1335,
6.38E-07,-1377,
6.38E-07,-1194,
6.38E-07,-797,
6.39E-07,-419,
6.39E-07,28,
6.39E-07,615,
6.39E-07,1155,
6.39E-07,1599,
6.40E-07,1897,
6.40E-07,1949,
6.40E-07,1813,
6.40E-07,1492,
6.40E-07,1053,
6.41E-07,735,
6.41E-07,384,
6.41E-07,24,
6.41E-07,-105,
6.41E-07,119,
6.42E-07,300,
6.42E-07,533,
6.42E-07,796,
6.42E-07,1096,
6.42E-07,1516,
6.43E-07,1644,
6.43E-07,1747,
6.43E-07,1726,
6.43E-07,1525,
6.43E-07,1323,
6.44E-07,1279,
6.44E-07,1061,
6.44E-07,878,
6.44E-07,927,
6.44E-07,1029,
6.45E-07,1031,
6.45E-07,988,
6.45E-07,976,
6.45E-07,1033,
6.45E-07,1109,
6.46E-07,1015,
6.46E-07,864,
6.46E-07,726,
6.46E-07,530,
6.46E-07,384,
6.47E-07,120,
6.47E-07,-94,
6.47E-07,-207,
6.47E-07,-318,
6.47E-07,-248,
6.48E-07,-165,
6.48E-07,-102,
6.48E-07,31,
6.48E-07,91,
6.48E-07,74,
6.49E-07,-95,
6.49E-07,-57,
6.49E-07,99,
6.49E-07,101,
6.49E-07,-112,
6.50E-07,-337,
6.50E-07,-354,
6.50E-07,-67,
6.50E-07,714,
